Workbook

Sheet Eingaben
A1: Parameter | B1: Wert | C1: Einheit
A2: Entwicklungsstunden | B2: 303 | C2: Stunden
A3: Stundensatz Entwickler | B3: 19 | C3: €/h
A4: Entwicklungskosten | B4: =B2*B3 -> 5757 | C4: €
A6: Zeit pro Vorgang vorher | C6: Minuten
A7: Zeit pro Vorgang nachher | C7: Minuten
A8: Zeitersparnis pro Vorgang | B8: =B6-B7 -> 0 | C8: Minuten
A9: Vorgänge pro Woche | C9: Anzahl
A10: Arbeitswochen pro Jahr | C10: Wochen
A11: Stundensatz Mitarbeiter | B11: 21 | C11: €/h

Sheet Zeit- und Kostenersparnis
A1: Berechnung | B1: Ergebnis | C1: Einheit
A2: Zeitersparnis pro Vorgang (h) | B2: ='Zeit- und Kostenersparnis'!B8/60 -> 0 | C2: Stunden
A3: Zeitersparnis pro Woche | B3: =B2*Eingaben!B9 -> 0 | C3: Stunden
A4: Zeitersparnis pro Jahr | B4: =B3*Eingaben!B10 -> 0 | C4: Stunden
A5: Kosteneinsparung pro Jahr | B5: =B4*Eingaben!B11 -> 0 | C5: €

Sheet Amortisation
A1: Kennzahl | B1: Wert | C1: Einheit
A2: Entwicklungskosten | B2: =Eingaben!B4 -> 5757 | C2: €
A3: Einsparung pro Jahr | B3: ='Zeit- und Kostenersparnis'!B5 -> 0 | C3: €
A4: Amortisationszeit (Jahre) | B4: =B2/B3 -> #DIV/0! | C4: Jahre
A5: Amortisationszeit (Monate) | B5: =B4*12 -> #DIV/0! | C5: Monate

Sheet Kummulierte Einsparung
A1: Monat | B1: Einsparung | C1: Kummulierte Einsparung
A2: 1 | B2: =Amortisation!$B$3/12 -> 0 | C2: =B2 -> 0
A3: 2 | B3: =Amortisation!$B$3/12 -> 0 | C3: =C2+B3 -> 0
A4: 3 | B4: =Amortisation!$B$3/12 -> 0 | C4: =C3+B4 -> 0
A5: 4 | B5: =Amortisation!$B$3/12 -> 0 | C5: =C4+B5 -> 0
A6: 5 | B6: =Amortisation!$B$3/12 -> 0 | C6: =C5+B6 -> 0
A7: 6 | B7: =Amortisation!$B$3/12 -> 0 | C7: =C6+B7 -> 0
A8: 7 | B8: =Amortisation!$B$3/12 -> 0 | C8: =C7+B8 -> 0
A9: 8 | B9: =Amortisation!$B$3/12 -> 0 | C9: =C8+B9 -> 0
A10: 9 | B10: =Amortisation!$B$3/12 -> 0 | C10: =C9+B10 -> 0
A11: 10 | B11: =Amortisation!$B$3/12 -> 0 | C11: =C10+B11 -> 0
A12: 11 | B12: =Amortisation!$B$3/12 -> 0 | C12: =C11+B12 -> 0
A13: 12 | B13: =Amortisation!$B$3/12 -> 0 | C13: =C12+B13 -> 0
A14: 13 | B14: =Amortisation!$B$3/12 -> 0 | C14: =C13+B14 -> 0
... A30: 29 | B30: =Amortisation!$B$3/12 -> 0 | C30: =C29+B30 -> 0
