Workbook

Sheet Eingaben
A1: Parameter | B1: Wert | C1: Einheit | D1: Kommentar
A2: Entwicklungsstunden | B2: 220 | C2: Stunden
A3: Stundensatz Entwickler | B3: 19 | C3: €/h
A4: Entwicklungskosten | B4: =B2*B3 -> 4180 | C4: €
A6: Zeit je Dateipaar vorher | B6: 4 | C6: Minuten
A7: Zeit je Dateipaar nachher | B7: 0.025 | C7: Minuten | D7: je mehr Dateipaare dann größeres Zeitersparnis durch die Mehrfache Dateibearbeitung
A8: Zeitersparnis pro Dateipaar | B8: =B6-B7 -> 3.975 | C8: Minuten
A9: Dateipaare pro Woche | B9: 20 | C9: Anzahl | D9: temporäre Schätzung
A10: Arbeitswochen pro Jahr | B10: 44 | C10: Wochen
A11: Stundensatz Mitarbeiter | B11: 19 | C11: €/h

Sheet Zeit- und Kostenersparnis
A1: Berechnung | B1: Ergebnis | C1: Einheit
A2: Zeitersparnis pro Vorgang (h) | B2: =Eingaben!B8/60 -> 0.06625 | C2: Stunden
A3: Zeitersparnis pro Woche | B3: =B2*Eingaben!B9 -> 1.325 | C3: Stunden
A4: Zeitersparnis pro Jahr | B4: =B3*Eingaben!B10 -> 58.3 | C4: Stunden
A5: Kosteneinsparung pro Jahr | B5: =B4*Eingaben!B11 -> 1107.7 | C5: €

Sheet Amortisation
A1: Kennzahl | B1: Wert | C1: Einheit
A2: Entwicklungskosten | B2: =Eingaben!B4 -> 4180 | C2: €
A3: Einsparung pro Jahr | B3: ='Zeit- und Kostenersparnis'!B5 -> 1107.7 | C3: €
A4: Amortisationszeit (Jahre) | B4: =B2/B3 -> 3.7735849 | C4: Jahre
A5: Amortisationszeit (Monate) | B5: =B4*12 -> 45.283019 | C5: Monate

Sheet Kummulierte Einsparung
A1: Monat | B1: Einsparung | C1: Kummulierte Einsparung
A2: 1 | B2: =Amortisation!$B$3/12 -> 92.308333 | C2: =B2 -> 92.308333
A3: 2 | B3: =Amortisation!$B$3/12 -> 92.308333 | C3: =C2+B3 -> 184.61667
A4: 3 | B4: =Amortisation!$B$3/12 -> 92.308333 | C4: =C3+B4 -> 276.925
A5: 4 | B5: =Amortisation!$B$3/12 -> 92.308333 | C5: =C4+B5 -> 369.23333
A6: 5 | B6: =Amortisation!$B$3/12 -> 92.308333 | C6: =C5+B6 -> 461.54167
A7: 6 | B7: =Amortisation!$B$3/12 -> 92.308333 | C7: =C6+B7 -> 553.85
A8: 7 | B8: =Amortisation!$B$3/12 -> 92.308333 | C8: =C7+B8 -> 646.15833
A9: 8 | B9: =Amortisation!$B$3/12 -> 92.308333 | C9: =C8+B9 -> 738.46667
A10: 9 | B10: =Amortisation!$B$3/12 -> 92.308333 | C10: =C9+B10 -> 830.775
A11: 10 | B11: =Amortisation!$B$3/12 -> 92.308333 | C11: =C10+B11 -> 923.08333
A12: 11 | B12: =Amortisation!$B$3/12 -> 92.308333 | C12: =C11+B12 -> 1015.3917
A13: 12 | B13: =Amortisation!$B$3/12 -> 92.308333 | C13: =C12+B13 -> 1107.7
A14: 13 | B14: =Amortisation!$B$3/12 -> 92.308333 | C14: =C13+B14 -> 1200.0083
... A31: 30 | B31: =Amortisation!$B$3/12 -> 92.308333 | C31: =C30+B31 -> 2769.25
